{
  "stamp": "2026-06-22T13-45-26.454Z",
  "chunks": 30,
  "gold": [
    [
      "c-001",
      "c-007"
    ],
    [
      "c-002",
      "c-012"
    ],
    [
      "c-003",
      "c-018"
    ],
    [
      "c-004",
      "c-023"
    ],
    [
      "c-005",
      "c-021"
    ],
    [
      "c-008",
      "c-009"
    ],
    [
      "c-010",
      "c-026"
    ],
    [
      "c-011",
      "c-024"
    ],
    [
      "c-014",
      "c-015"
    ],
    [
      "c-016",
      "c-030"
    ],
    [
      "c-017",
      "c-027"
    ],
    [
      "c-022",
      "c-025"
    ]
  ],
  "results": [
    {
      "variant": "anchored-think",
      "predictedPairs": [
        [
          "c-011",
          "c-024"
        ],
        [
          "c-003",
          "c-018"
        ],
        [
          "c-004",
          "c-023"
        ],
        [
          "c-005",
          "c-021"
        ],
        [
          "c-010",
          "c-026"
        ],
        [
          "c-004",
          "c-023"
        ],
        [
          "c-016",
          "c-030"
        ],
        [
          "c-004",
          "c-023"
        ],
        [
          "c-017",
          "c-027"
        ],
        [
          "c-004",
          "c-023"
        ],
        [
          "c-008",
          "c-009"
        ],
        [
          "c-014",
          "c-015"
        ],
        [
          "c-022",
          "c-025"
        ]
      ],
      "metrics": {
        "precision": 1,
        "recall": 0.8333333333333334,
        "f1": 0.9090909090909091,
        "tp": 10,
        "fp": 0,
        "fn": 2
      }
    },
    {
      "variant": "anchored-nothink",
      "predictedPairs": [
        [
          "c-011",
          "c-024"
        ],
        [
          "c-002",
          "c-012"
        ],
        [
          "c-003",
          "c-018"
        ],
        [
          "c-004",
          "c-023"
        ],
        [
          "c-004",
          "c-023"
        ],
        [
          "c-004",
          "c-023"
        ],
        [
          "c-005",
          "c-021"
        ],
        [
          "c-010",
          "c-026"
        ],
        [
          "c-016",
          "c-030"
        ],
        [
          "c-017",
          "c-027"
        ],
        [
          "c-004",
          "c-023"
        ],
        [
          "c-008",
          "c-009"
        ],
        [
          "c-014",
          "c-015"
        ],
        [
          "c-022",
          "c-025"
        ]
      ],
      "metrics": {
        "precision": 1,
        "recall": 0.9166666666666666,
        "f1": 0.9565217391304348,
        "tp": 11,
        "fp": 0,
        "fn": 1
      }
    },
    {
      "variant": "llm-direct",
      "predictedPairs": [
        [
          "c-001",
          "c-007"
        ],
        [
          "c-002",
          "c-012"
        ],
        [
          "c-003",
          "c-018"
        ],
        [
          "c-004",
          "c-023"
        ],
        [
          "c-005",
          "c-021"
        ],
        [
          "c-008",
          "c-009"
        ],
        [
          "c-010",
          "c-026"
        ],
        [
          "c-011",
          "c-024"
        ],
        [
          "c-014",
          "c-015"
        ],
        [
          "c-016",
          "c-030"
        ],
        [
          "c-017",
          "c-027"
        ]
      ],
      "metrics": {
        "precision": 1,
        "recall": 0.9166666666666666,
        "f1": 0.9565217391304348,
        "tp": 11,
        "fp": 0,
        "fn": 1
      }
    }
  ]
}
